{"atlas":{"type":"hardmask","size":32,"width":200,"height":200,"yOrigin":"top"},"name":"myFont","metrics":{"emSize":1,"lineHeight":1.08984375,"ascender":-0.75,"descender":0.25,"underlineY":0.1494140625,"underlineThickness":0.0498046875},"glyphs":[{"unicode":32,"advance":0.3125},{"unicode":33,"advance":0.1875,"planeBounds":{"left":-0.015625,"top":-0.765625,"right":0.140625,"bottom":0.015625},"atlasBounds":{"left":108.5,"top":0.5,"right":113.5,"bottom":25.5}},{"unicode":34,"advance":0.5625,"planeBounds":{"left":-0.015625,"top":-0.765625,"right":0.515625,"bottom":-0.359375},"atlasBounds":{"left":102.5,"top":158.5,"right":119.5,"bottom":171.5}},{"unicode":35,"advance":0.6875,"planeBounds":{"left":-0.015625,"top":-0.765625,"right":0.640625,"bottom":0.015625},"atlasBounds":{"left":113.5,"top":0.5,"right":134.5,"bottom":25.5}},{"unicode":36,"advance":0.5625,"planeBounds":{"left":-0.015625,"top":-0.765625,"right":0.515625,"bottom":0.140625},"atlasBounds":{"left":74.5,"top":0.5,"right":91.5,"bottom":29.5}},{"unicode":37,"advance":0.875,"planeBounds":{"left":0.046875,"top":-0.765625,"right":0.828125,"bottom":0.015625},"atlasBounds":{"left":134.5,"top":0.5,"right":159.5,"bottom":25.5}},{"unicode":38,"advance":0.6875,"planeBounds":{"left":-0.015625,"top":-0.765625,"right":0.640625,"bottom":0.015625},"atlasBounds":{"left":159.5,"top":0.5,"right":180.5,"bottom":25.5}},{"unicode":39,"advance":0.1875,"planeBounds":{"left":-0.015625,"top":-0.765625,"right":0.140625,"bottom":-0.484375},"atlasBounds":{"left":194.5,"top":33.5,"right":199.5,"bottom":42.5}},{"unicode":40,"advance":0.4375,"planeBounds":{"left":-0.015625,"top":-0.765625,"right":0.390625,"bottom":0.015625},"atlasBounds":{"left":0.5,"top":33.5,"right":13.5,"bottom":58.5}},{"unicode":41,"advance":0.4375,"planeBounds":{"left":-0.015625,"top":-0.765625,"right":0.390625,"bottom":0.015625},"atlasBounds":{"left":49.5,"top":33.5,"right":62.5,"bottom":58.5}},{"unicode":42,"advance":0.4375,"planeBounds":{"left":-0.015625,"top":-0.765625,"right":0.390625,"bottom":-0.359375},"atlasBounds":{"left":89.5,"top":158.5,"right":102.5,"bottom":171.5}},{"unicode":43,"advance":0.625,"planeBounds":{"left":0.046875,"top":-0.640625,"right":0.578125,"bottom":-0.109375},"atlasBounds":{"left":170.5,"top":179.5,"right":187.5,"bottom":196.5}},{"unicode":44,"advance":0.1875,"planeBounds":{"left":-0.015625,"top":-0.140625,"right":0.140625,"bottom":0.140625},"atlasBounds":{"left":194.5,"top":42.5,"right":199.5,"bottom":51.5}},{"unicode":45,"advance":0.375,"planeBounds":{"left":-0.015625,"top":-0.328125,"right":0.328125,"bottom":-0.171875},"atlasBounds":{"left":187.5,"top":133.5,"right":198.5,"bottom":138.5}},{"unicode":46,"advance":0.1875,"planeBounds":{"left":-0.015625,"top":-0.140625,"right":0.140625,"bottom":0.015625},"atlasBounds":{"left":194.5,"top":51.5,"right":199.5,"bottom":56.5}},{"unicode":47,"advance":0.5625,"planeBounds":{"left":-0.015625,"top":-0.765625,"right":0.515625,"bottom":0.015625},"atlasBounds":{"left":62.5,"top":33.5,"right":79.5,"bottom":58.5}},{"unicode":48,"advance":0.5625,"planeBounds":{"left":-0.015625,"top":-0.765625,"right":0.515625,"bottom":0.015625},"atlasBounds":{"left":79.5,"top":33.5,"right":96.5,"bottom":58.5}},{"unicode":49,"advance":0.4375,"planeBounds":{"left":-0.015625,"top":-0.765625,"right":0.390625,"bottom":0.015625},"atlasBounds":{"left":155.5,"top":33.5,"right":168.5,"bottom":58.5}},{"unicode":50,"advance":0.5625,"planeBounds":{"left":-0.015625,"top":-0.765625,"right":0.515625,"bottom":0.015625},"atlasBounds":{"left":21.5,"top":58.5,"right":38.5,"bottom":83.5}},{"unicode":51,"advance":0.5625,"planeBounds":{"left":-0.015625,"top":-0.765625,"right":0.515625,"bottom":0.015625},"atlasBounds":{"left":38.5,"top":58.5,"right":55.5,"bottom":83.5}},{"unicode":52,"advance":0.625,"planeBounds":{"left":-0.015625,"top":-0.765625,"right":0.578125,"bottom":0.015625},"atlasBounds":{"left":180.5,"top":0.5,"right":199.5,"bottom":25.5}},{"unicode":53,"advance":0.6875,"planeBounds":{"left":-0.015625,"top":-0.765625,"right":0.640625,"bottom":0.015625},"atlasBounds":{"left":55.5,"top":58.5,"right":76.5,"bottom":83.5}},{"unicode":54,"advance":0.625,"planeBounds":{"left":-0.015625,"top":-0.765625,"right":0.578125,"bottom":0.015625},"atlasBounds":{"left":76.5,"top":58.5,"right":95.5,"bottom":83.5}},{"unicode":55,"advance":0.5625,"planeBounds":{"left":-0.015625,"top":-0.765625,"right":0.515625,"bottom":0.015625},"atlasBounds":{"left":112.5,"top":58.5,"right":129.5,"bottom":83.5}},{"unicode":56,"advance":0.5625,"planeBounds":{"left":-0.015625,"top":-0.765625,"right":0.515625,"bottom":0.015625},"atlasBounds":{"left":99.5,"top":133.5,"right":116.5,"bottom":158.5}},{"unicode":57,"advance":0.5625,"planeBounds":{"left":-0.015625,"top":-0.765625,"right":0.515625,"bottom":0.015625},"atlasBounds":{"left":116.5,"top":133.5,"right":133.5,"bottom":158.5}},{"unicode":58,"advance":0.25,"planeBounds":{"left":0.046875,"top":-0.578125,"right":0.203125,"bottom":0.015625},"atlasBounds":{"left":32.5,"top":179.5,"right":37.5,"bottom":198.5}},{"unicode":59,"advance":0.25,"planeBounds":{"left":0.046875,"top":-0.578125,"right":0.203125,"bottom":0.140625},"atlasBounds":{"left":144.5,"top":133.5,"right":149.5,"bottom":156.5}},{"unicode":60,"advance":0.4375,"planeBounds":{"left":-0.015625,"top":-0.640625,"right":0.390625,"bottom":-0.109375},"atlasBounds":{"left":157.5,"top":179.5,"right":170.5,"bottom":196.5}},{"unicode":61,"advance":0.5625,"planeBounds":{"left":-0.015625,"top":-0.578125,"right":0.515625,"bottom":-0.171875},"atlasBounds":{"left":119.5,"top":158.5,"right":136.5,"bottom":171.5}},{"unicode":62,"advance":0.4375,"planeBounds":{"left":-0.015625,"top":-0.640625,"right":0.390625,"bottom":-0.109375},"atlasBounds":{"left":55.5,"top":158.5,"right":68.5,"bottom":175.5}},{"unicode":63,"advance":0.5625,"planeBounds":{"left":-0.015625,"top":-0.765625,"right":0.515625,"bottom":0.015625},"atlasBounds":{"left":82.5,"top":133.5,"right":99.5,"bottom":158.5}},{"unicode":64,"advance":0.9375,"planeBounds":{"left":-0.015625,"top":-0.765625,"right":0.890625,"bottom":0.203125},"atlasBounds":{"left":27.5,"top":0.5,"right":56.5,"bottom":31.5}},{"unicode":65,"advance":0.625,"planeBounds":{"left":-0.015625,"top":-0.765625,"right":0.578125,"bottom":0.015625},"atlasBounds":{"left":42.5,"top":133.5,"right":61.5,"bottom":158.5}},{"unicode":66,"advance":0.6875,"planeBounds":{"left":-0.015625,"top":-0.765625,"right":0.640625,"bottom":0.015625},"atlasBounds":{"left":21.5,"top":133.5,"right":42.5,"bottom":158.5}},{"unicode":67,"advance":0.75,"planeBounds":{"left":-0.015625,"top":-0.765625,"right":0.703125,"bottom":0.015625},"atlasBounds":{"left":176.5,"top":83.5,"right":199.5,"bottom":108.5}},{"unicode":68,"advance":0.6875,"planeBounds":{"left":-0.015625,"top":-0.765625,"right":0.640625,"bottom":0.015625},"atlasBounds":{"left":175.5,"top":108.5,"right":196.5,"bottom":133.5}},{"unicode":69,"advance":0.6875,"planeBounds":{"left":-0.015625,"top":-0.765625,"right":0.640625,"bottom":0.015625},"atlasBounds":{"left":154.5,"top":108.5,"right":175.5,"bottom":133.5}},{"unicode":70,"advance":0.625,"planeBounds":{"left":-0.015625,"top":-0.765625,"right":0.578125,"bottom":0.015625},"atlasBounds":{"left":135.5,"top":108.5,"right":154.5,"bottom":133.5}},{"unicode":71,"advance":0.75,"planeBounds":{"left":-0.015625,"top":-0.765625,"right":0.703125,"bottom":0.015625},"atlasBounds":{"left":112.5,"top":108.5,"right":135.5,"bottom":133.5}},{"unicode":72,"advance":0.6875,"planeBounds":{"left":-0.015625,"top":-0.765625,"right":0.640625,"bottom":0.015625},"atlasBounds":{"left":91.5,"top":108.5,"right":112.5,"bottom":133.5}},{"unicode":73,"advance":0.375,"planeBounds":{"left":0.046875,"top":-0.765625,"right":0.328125,"bottom":0.015625},"atlasBounds":{"left":185.5,"top":33.5,"right":194.5,"bottom":58.5}},{"unicode":74,"advance":0.5,"planeBounds":{"left":-0.015625,"top":-0.765625,"right":0.453125,"bottom":0.015625},"atlasBounds":{"left":59.5,"top":108.5,"right":74.5,"bottom":133.5}},{"unicode":75,"advance":0.625,"planeBounds":{"left":-0.015625,"top":-0.765625,"right":0.578125,"bottom":0.015625},"atlasBounds":{"left":40.5,"top":108.5,"right":59.5,"bottom":133.5}},{"unicode":76,"advance":0.625,"planeBounds":{"left":-0.015625,"top":-0.765625,"right":0.578125,"bottom":0.015625},"atlasBounds":{"left":21.5,"top":108.5,"right":40.5,"bottom":133.5}},{"unicode":77,"advance":0.6875,"planeBounds":{"left":-0.015625,"top":-0.765625,"right":0.640625,"bottom":0.015625},"atlasBounds":{"left":0.5,"top":133.5,"right":21.5,"bottom":158.5}},{"unicode":78,"advance":0.6875,"planeBounds":{"left":-0.015625,"top":-0.765625,"right":0.640625,"bottom":0.015625},"atlasBounds":{"left":0.5,"top":108.5,"right":21.5,"bottom":133.5}},{"unicode":79,"advance":0.8125,"planeBounds":{"left":-0.015625,"top":-0.765625,"right":0.765625,"bottom":0.015625},"atlasBounds":{"left":151.5,"top":83.5,"right":176.5,"bottom":108.5}},{"unicode":80,"advance":0.6875,"planeBounds":{"left":-0.015625,"top":-0.765625,"right":0.640625,"bottom":0.015625},"atlasBounds":{"left":130.5,"top":83.5,"right":151.5,"bottom":108.5}},{"unicode":81,"advance":0.8125,"planeBounds":{"left":-0.015625,"top":-0.765625,"right":0.765625,"bottom":0.015625},"atlasBounds":{"left":105.5,"top":83.5,"right":130.5,"bottom":108.5}},{"unicode":82,"advance":0.8125,"planeBounds":{"left":-0.015625,"top":-0.765625,"right":0.765625,"bottom":0.015625},"atlasBounds":{"left":80.5,"top":83.5,"right":105.5,"bottom":108.5}},{"unicode":83,"advance":0.625,"planeBounds":{"left":-0.015625,"top":-0.765625,"right":0.578125,"bottom":0.015625},"atlasBounds":{"left":61.5,"top":83.5,"right":80.5,"bottom":108.5}},{"unicode":84,"advance":0.6875,"planeBounds":{"left":-0.015625,"top":-0.765625,"right":0.640625,"bottom":0.015625},"atlasBounds":{"left":40.5,"top":83.5,"right":61.5,"bottom":108.5}},{"unicode":85,"advance":0.6875,"planeBounds":{"left":0.046875,"top":-0.765625,"right":0.640625,"bottom":0.015625},"atlasBounds":{"left":21.5,"top":83.5,"right":40.5,"bottom":108.5}},{"unicode":86,"advance":0.6875,"planeBounds":{"left":-0.015625,"top":-0.765625,"right":0.640625,"bottom":0.015625},"atlasBounds":{"left":0.5,"top":83.5,"right":21.5,"bottom":108.5}},{"unicode":87,"advance":0.6875,"planeBounds":{"left":-0.015625,"top":-0.765625,"right":0.640625,"bottom":0.015625},"atlasBounds":{"left":61.5,"top":133.5,"right":82.5,"bottom":158.5}},{"unicode":88,"advance":0.6875,"planeBounds":{"left":-0.015625,"top":-0.765625,"right":0.640625,"bottom":0.015625},"atlasBounds":{"left":171.5,"top":58.5,"right":192.5,"bottom":83.5}},{"unicode":89,"advance":0.6875,"planeBounds":{"left":-0.015625,"top":-0.765625,"right":0.640625,"bottom":0.015625},"atlasBounds":{"left":150.5,"top":58.5,"right":171.5,"bottom":83.5}},{"unicode":90,"advance":0.6875,"planeBounds":{"left":-0.015625,"top":-0.765625,"right":0.640625,"bottom":0.015625},"atlasBounds":{"left":129.5,"top":58.5,"right":150.5,"bottom":83.5}},{"unicode":91,"advance":0.3125,"planeBounds":{"left":-0.015625,"top":-0.765625,"right":0.265625,"bottom":0.203125},"atlasBounds":{"left":56.5,"top":0.5,"right":65.5,"bottom":31.5}},{"unicode":92,"advance":0.5625,"planeBounds":{"left":-0.015625,"top":-0.765625,"right":0.515625,"bottom":0.015625},"atlasBounds":{"left":95.5,"top":58.5,"right":112.5,"bottom":83.5}},{"unicode":93,"advance":0.3125,"planeBounds":{"left":-0.015625,"top":-0.765625,"right":0.265625,"bottom":0.203125},"atlasBounds":{"left":65.5,"top":0.5,"right":74.5,"bottom":31.5}},{"unicode":94,"advance":0.5625,"planeBounds":{"left":-0.015625,"top":-0.765625,"right":0.515625,"bottom":-0.359375},"atlasBounds":{"left":136.5,"top":158.5,"right":153.5,"bottom":171.5}},{"unicode":95,"advance":0.625,"planeBounds":{"left":-0.015625,"top":-0.078125,"right":0.578125,"bottom":0.015625},"atlasBounds":{"left":32.5,"top":175.5,"right":51.5,"bottom":178.5}},{"unicode":96,"advance":0.3125,"planeBounds":{"left":0.046875,"top":-0.765625,"right":0.265625,"bottom":-0.546875},"atlasBounds":{"left":192.5,"top":58.5,"right":199.5,"bottom":65.5}},{"unicode":97,"advance":0.625,"planeBounds":{"left":-0.015625,"top":-0.578125,"right":0.578125,"bottom":0.015625},"atlasBounds":{"left":119.5,"top":179.5,"right":138.5,"bottom":198.5}},{"unicode":98,"advance":0.6875,"planeBounds":{"left":-0.015625,"top":-0.765625,"right":0.640625,"bottom":0.015625},"atlasBounds":{"left":0.5,"top":58.5,"right":21.5,"bottom":83.5}},{"unicode":99,"advance":0.625,"planeBounds":{"left":-0.015625,"top":-0.578125,"right":0.578125,"bottom":0.015625},"atlasBounds":{"left":37.5,"top":179.5,"right":56.5,"bottom":198.5}},{"unicode":100,"advance":0.5625,"planeBounds":{"left":-0.015625,"top":-0.765625,"right":0.515625,"bottom":0.015625},"atlasBounds":{"left":74.5,"top":108.5,"right":91.5,"bottom":133.5}},{"unicode":101,"advance":0.5625,"planeBounds":{"left":-0.015625,"top":-0.578125,"right":0.515625,"bottom":0.015625},"atlasBounds":{"left":56.5,"top":179.5,"right":73.5,"bottom":198.5}},{"unicode":102,"advance":0.5625,"planeBounds":{"left":-0.015625,"top":-0.765625,"right":0.515625,"bottom":0.015625},"atlasBounds":{"left":168.5,"top":33.5,"right":185.5,"bottom":58.5}},{"unicode":103,"advance":0.5625,"planeBounds":{"left":-0.015625,"top":-0.578125,"right":0.515625,"bottom":0.265625},"atlasBounds":{"left":91.5,"top":0.5,"right":108.5,"bottom":27.5}},{"unicode":104,"advance":0.5625,"planeBounds":{"left":-0.015625,"top":-0.765625,"right":0.515625,"bottom":0.015625},"atlasBounds":{"left":138.5,"top":33.5,"right":155.5,"bottom":58.5}},{"unicode":105,"advance":0.1875,"planeBounds":{"left":-0.015625,"top":-0.765625,"right":0.140625,"bottom":0.015625},"atlasBounds":{"left":133.5,"top":33.5,"right":138.5,"bottom":58.5}},{"unicode":106,"advance":0.5,"planeBounds":{"left":-0.015625,"top":-0.640625,"right":0.453125,"bottom":0.140625},"atlasBounds":{"left":118.5,"top":33.5,"right":133.5,"bottom":58.5}},{"unicode":107,"advance":0.5625,"planeBounds":{"left":-0.015625,"top":-0.765625,"right":0.515625,"bottom":0.015625},"atlasBounds":{"left":101.5,"top":33.5,"right":118.5,"bottom":58.5}},{"unicode":108,"advance":0.1875,"planeBounds":{"left":-0.015625,"top":-0.765625,"right":0.140625,"bottom":0.015625},"atlasBounds":{"left":96.5,"top":33.5,"right":101.5,"bottom":58.5}},{"unicode":109,"advance":0.9375,"planeBounds":{"left":-0.015625,"top":-0.578125,"right":0.890625,"bottom":0.015625},"atlasBounds":{"left":90.5,"top":179.5,"right":119.5,"bottom":198.5}},{"unicode":110,"advance":0.625,"planeBounds":{"left":-0.015625,"top":-0.578125,"right":0.578125,"bottom":0.015625},"atlasBounds":{"left":138.5,"top":179.5,"right":157.5,"bottom":198.5}},{"unicode":111,"advance":0.5625,"planeBounds":{"left":-0.015625,"top":-0.578125,"right":0.515625,"bottom":0.015625},"atlasBounds":{"left":73.5,"top":179.5,"right":90.5,"bottom":198.5}},{"unicode":112,"advance":0.625,"planeBounds":{"left":-0.015625,"top":-0.578125,"right":0.578125,"bottom":0.203125},"atlasBounds":{"left":30.5,"top":33.5,"right":49.5,"bottom":58.5}},{"unicode":113,"advance":0.5625,"planeBounds":{"left":-0.015625,"top":-0.578125,"right":0.515625,"bottom":0.203125},"atlasBounds":{"left":13.5,"top":33.5,"right":30.5,"bottom":58.5}},{"unicode":114,"advance":0.5,"planeBounds":{"left":-0.015625,"top":-0.578125,"right":0.453125,"bottom":0.015625},"atlasBounds":{"left":17.5,"top":179.5,"right":32.5,"bottom":198.5}},{"unicode":115,"advance":0.5,"planeBounds":{"left":-0.015625,"top":-0.640625,"right":0.453125,"bottom":0.015625},"atlasBounds":{"left":0.5,"top":158.5,"right":15.5,"bottom":179.5}},{"unicode":116,"advance":0.375,"planeBounds":{"left":-0.015625,"top":-0.703125,"right":0.328125,"bottom":0.015625},"atlasBounds":{"left":133.5,"top":133.5,"right":144.5,"bottom":156.5}},{"unicode":117,"advance":0.5625,"planeBounds":{"left":-0.015625,"top":-0.578125,"right":0.515625,"bottom":0.015625},"atlasBounds":{"left":0.5,"top":179.5,"right":17.5,"bottom":198.5}},{"unicode":118,"advance":0.6875,"planeBounds":{"left":-0.015625,"top":-0.453125,"right":0.640625,"bottom":0.015625},"atlasBounds":{"left":68.5,"top":158.5,"right":89.5,"bottom":173.5}},{"unicode":119,"advance":0.75,"planeBounds":{"left":-0.015625,"top":-0.515625,"right":0.703125,"bottom":0.015625},"atlasBounds":{"left":32.5,"top":158.5,"right":55.5,"bottom":175.5}},{"unicode":120,"advance":0.6875,"planeBounds":{"left":-0.015625,"top":-0.640625,"right":0.640625,"bottom":0.015625},"atlasBounds":{"left":166.5,"top":133.5,"right":187.5,"bottom":154.5}},{"unicode":121,"advance":0.5625,"planeBounds":{"left":-0.015625,"top":-0.578125,"right":0.515625,"bottom":0.140625},"atlasBounds":{"left":149.5,"top":133.5,"right":166.5,"bottom":156.5}},{"unicode":122,"advance":0.5625,"planeBounds":{"left":-0.015625,"top":-0.640625,"right":0.515625,"bottom":0.015625},"atlasBounds":{"left":15.5,"top":158.5,"right":32.5,"bottom":179.5}},{"unicode":123,"advance":0.375,"planeBounds":{"left":-0.015625,"top":-0.765625,"right":0.328125,"bottom":0.265625},"atlasBounds":{"left":0.5,"top":0.5,"right":11.5,"bottom":33.5}},{"unicode":124,"advance":0.1875,"planeBounds":{"left":-0.015625,"top":-0.765625,"right":0.140625,"bottom":0.265625},"atlasBounds":{"left":11.5,"top":0.5,"right":16.5,"bottom":33.5}},{"unicode":125,"advance":0.375,"planeBounds":{"left":-0.015625,"top":-0.765625,"right":0.328125,"bottom":0.265625},"atlasBounds":{"left":16.5,"top":0.5,"right":27.5,"bottom":33.5}},{"unicode":126,"advance":0.6875,"planeBounds":{"left":-0.015625,"top":-0.453125,"right":0.640625,"bottom":-0.296875},"atlasBounds":{"left":153.5,"top":158.5,"right":174.5,"bottom":163.5}}],"kerning":[]}
